issue,date,title,link,tag,desc
꾸창뉴스 12호,2026.05.06,"야심한 아침, 쿠데타 정황 포착 야무지",https://naver.me/xrzcBDot,꾸창뉴스,야심한 아침 쿠데타 정황 포착  야무지 이대로 냅둬도 되는가?
꾸창뉴스 11호,2026.05.05,감니버스 버추얼 2인자? 꾸한성의 2인자는 누구,https://naver.me/xvCLivjD,꾸창뉴스,감니버스 버추얼 2인자? 꾸한성의 2인자는 누구인가
꾸창뉴스 10호,2026.04.24,"버컴퍼니, '영입 완료' 선언",https://naver.me/5XcUo75Z,꾸창뉴스,"버컴퍼니, '영입 완료' 소식과 동시에 공개모집 전격 취소"
꾸창뉴스 9호,2026.04.23,"혼돈의 크루 시장, 판을 뒤흔든 '어인섬'의 등장",https://naver.me/FVFc7bES,꾸창뉴스,"혼돈의 크루 시장, 판을 뒤흔든 '어인섬'의 등장"
꾸창뉴스 8호,2026.04.19,그린캠프마저 ALL FA?혼란과 혼돈,https://naver.me/xfbJlGiF,꾸창뉴스,그린캠프마저 ALL FA? 혼란과 혼돈의 현재
꾸창뉴스 7호,2026.04.12,"지금 가장 재밌는 크루, 꾸한성의 성장",https://naver.me/Gwf56k3u,꾸창뉴스,"지금 가장 재밌는 크루, 꾸한성의 성장"
꾸창뉴스 6호,2026.04.11,꾸창뉴스 6호 북서풍이 분다…,https://naver.me/Gzd50y7D,꾸창뉴스,"북서풍이 분다… 충동서버 이후, 크루판 ""전면 재편"" 시작"
꾸창뉴스 5호,2026.04.09,"준우승 후 멈추지 않았다… 꾸한성,",https://cafe.naver.com/f-e/cafes/31369386/articles/16789?boardtype=L&referrerAllArticles=true,꾸창뉴스,"OFFICIAL 꾸한성, 서라0 영입… 준우승 이후 재정비 신호탄"
꾸창뉴스 4호,2026.04.02,꾸창뉴스 4호 사륜안 없는 우치하 꾸비....,https://cafe.naver.com/ggu?iframe_url_utf8=%2FArticleRead.nhn%253Fclubid%3D31369386%2526articleid%3D16518,꾸창뉴스,절망과 분노의 밤 만우절이라 믿고 싶었던 충동서버 1일차
꾸창뉴스 3호,2026.03.28,충동서버 D-3 시작 전부터 이미 전쟁이다,https://cafe.naver.com/f-e/cafes/31369386/articles/16342,꾸창뉴스,서버 오픈 대비 긴장감 최고조
꾸창뉴스 2호,2026.03.23,"야무지의 결망전 출전, 꾸한성을 넘어 세계로",https://cafe.naver.com/f-e/cafes/31369386/articles/16159,꾸창뉴스,상현 1 야무지의 세계 무대 도전
꾸창뉴스 1호,2026.03.22,"""결이 안 맞는다""… 홍타쿠, 그 선택의 대가",https://cafe.naver.com/f-e/cafes/31369386/articles/16119,꾸창뉴스,충동적인 선택의 후폭풍
마지막 기사,2026.01.29,우리가 사랑했던 꾸한성은 왜 여기까지 왔나,https://cafe.naver.com/f-e/cafes/31369386/articles/13496,NEWS,꾸한성 역사의 한 페이지를 덮으며
꾸한타임즈 EP.21,2026.01.18,"성공하면 혁명, 실패하면 반역?",https://cafe.naver.com/f-e/cafes/31369386/articles/12514,NEWS,야무지 란다의 봄에 칼을 빼들다
꾸한타임즈 EP.20,2026.01.16,GRX의 기적과 같은 준우승,https://cafe.naver.com/f-e/cafes/31369386/articles/12387,NEWS,그 뒤에 가려진 불편한 진실
꾸한타임즈 EP.19,2026.01.14,"꾸티뉴, 왕관은 놓쳤다, 그러나 왕은 돌아왔다",https://cafe.naver.com/f-e/cafes/31369386/articles/12188,NEWS,마스터의 귀환
꾸한타임즈 EP.18,2026.01.12,"철쑤, 말은 공기처럼 가볍고, 책임은 바위처럼 무겁다",https://cafe.naver.com/f-e/cafes/31369386/articles/11974,NEWS,🐍 맹독 혈귀술의 무게
꾸한타임즈 EP.17,2026.01.10,"꾸한성이 기다리던 이름, 난워니",https://cafe.naver.com/f-e/cafes/31369386/articles/11820,NEWS,하현의 중심
꾸한타임즈 EP.16,2026.01.09,단 한마디로 터진 핵폭탄… 초귀요미,https://cafe.naver.com/f-e/cafes/31369386/articles/11757,NEWS,꾸한성을 폭발시키다
외전,2025.01.29,"터질 땐 난리, 끝날 땐 실종… 사건 총정리",https://cafe.naver.com/f-e/cafes/31369386/articles/11676,NEWS,읍보이드 사건의 전말
꾸한타임즈 EP.15,2026.01.08,"셀키, 날개가 없기에 사람은 나는 법을 찾는 것이다.",https://cafe.naver.com/ggu/11631,NEWS,셀키라는 변수가 만든 흐름
꾸한타임즈 EP.14,2026.01.07,"읍보이드의 저주 거론되는 순간, 판은 어그러진다",https://cafe.naver.com/f-e/cafes/31369386/articles/11571,NEWS,무한성의 금기어
꾸한타임즈 EP.13,2026.01.06,"위선자 초귀요미, 겉과 속이 다른 사람",https://cafe.naver.com/f-e/cafes/31369386/articles/11496,NEWS,하현 6의 진실
꾸한타임즈 EP.12,2026.01.05,"셀키, 다른 남자들과 2대2 데이트는 연막?",https://cafe.naver.com/f-e/cafes/31369386/articles/11406,NEWS,고대 본셀 코인의 정체
꾸한타임즈 EP.11,2026.01.05,무관심이 제일 무서운거야 영감,https://cafe.naver.com/f-e/cafes/31369386/articles/11387,NEWS,하현 1 영감의 논란
꾸한타임즈 EP.10,2026.01.04,"잃어버린 THE FIFA 칭호, 꾸티뉴의 길",https://cafe.naver.com/f-e/cafes/31369386/articles/11285,NEWS,Road to 2026뿌드컵
꾸한타임즈 EP.09,2026.01.03,바먀) 근본의 귀환은 선택이 아니다,https://cafe.naver.com/f-e/cafes/31369386/articles/11186,NEWS,꾸한성의 재정렬
꾸한타임즈 EP.08,2026.01.02,"리카) 말없이 쌓아온 시간, 결국 남은 이름",https://cafe.naver.com/f-e/cafes/31369386/articles/11091,NEWS,항아리의 마스터
꾸한타임즈 EP.07,2026.01.01,본셀코인 연이은 고점 갱신.. 이미 엠비디아 넘었다?,https://cafe.naver.com/f-e/cafes/31369386/articles/11005,NEWS,구본좌와 셀키의 관계
꾸한타임즈 EP.06,2026.01.01,"살아남은 다뮤, 강한 자가 살아남는 것이다",https://cafe.naver.com/f-e/cafes/31369386/articles/10985,NEWS,신년특집 하현 4 다뮤
꾸한타임즈 EP.05,2025.12.31,"철쑤) 그녀는 비서인가, 논란 종합세트인가",https://cafe.naver.com/ggu/10897,NEWS,철쑤의 논란
꾸한타임즈 EP.04,2024.12.30,밈날이 오면) 대타는 많았지만 주인은 하나였다,https://cafe.naver.com/f-e/cafes/31369386/articles/10890,NEWS,밈먀의 귀환
꾸한타임즈 EP.03,2024.12.29,란다) 권력에 눈 멀었나? 돈으로 취한 권력?,https://cafe.naver.com/f-e/cafes/31369386/articles/10781,NEWS,상현의 무게
꾸한타임즈 EP.02,2024.12.28,"야무지, 상현 1 권력에 취했나?","https://cafe.naver.com/f-e/cafes/31369386/articles/10728""",NEWS,검사의 길
꾸한타임즈 EP.01,2024.12.27,배스킨라빈스 윈터밤 개시?!,https://cafe.naver.com/f-e/cafes/31369386/articles/10628,NEWS,무한성 겨울 소식