URL,Thumbnail,Author
https://naver.me/x7evuxkT,,GRVR
https://naver.me/x7evuxkT,img/yamuzi.png,GRVR
https://naver.me/x7evuxkT,img/randa.png,GRVR
https://naver.me/x7evuxkT,img/nanana.png,GRVR
https://naver.me/x7evuxkT,img/enju.png,GRVR
https://naver.me/x7evuxkT,img/selky.png,GRVR
https://naver.me/x7evuxkT,img/lika.png,GRVR
https://naver.me/x7evuxkT,img/choelssu.png,GRVR
https://naver.me/x7evuxkT,img/koo.png,GRVR
https://naver.me/x7evuxkT,img/younggam.png,GRVR
https://naver.me/x7evuxkT,img/damu.jpeg,GRVR
https://naver.me/x7evuxkT,img/ttanttan.jpeg,GRVR
https://naver.me/x7evuxkT,img/cho-cutie.png,GRVR
https://naver.me/x7evuxkT,img/mimmya.png,GRVR
https://naver.me/x7evuxkT,img/baamya.png,GRVR
https://naver.me/x7evuxkT,img/서라0.jpg,GRVR